﻿image_path,prompt
C:\Users\KUMANUJ\Documents\Work\GENAI\TruckModels\eActros\eActros_600_0.jpg,two white actros trucks on pitch road
C:\Users\KUMANUJ\Documents\Work\GENAI\TruckModels\eActros\eActros_600_1.jpg,side facing actros truch in white color
C:\Users\KUMANUJ\Documents\Work\GENAI\TruckModels\eActros\eActros_600_2.jpg,a white actros 600 on highway 
C:\Users\KUMANUJ\Documents\Work\GENAI\TruckModels\eActros\eActros_600_3.jpg,artistic photo for new actros launched
C:\Users\KUMANUJ\Documents\Work\GENAI\TruckModels\eActros\eActros_600_4.jpg,actros parked in country side
C:\Users\KUMANUJ\Documents\Work\GENAI\TruckModels\eActros\eActros_600_6.jpg,white actros running on highway with trees in side
C:\Users\KUMANUJ\Documents\Work\GENAI\TruckModels\eActros\eActros_600_7.jpg,two actros facing against each other- without body
C:\Users\KUMANUJ\Documents\Work\GENAI\TruckModels\eActros\eActros_600_8.jpg,actors crusing through snow
C:\Users\KUMANUJ\Documents\Work\GENAI\TruckModels\eActros\eActros_600_9.jpg,an artististic front view of actros in black background
C:\Users\KUMANUJ\Documents\Work\GENAI\TruckModels\eActros\eActros_600_10.jpg,interior image of actros vehicle- view of drivers cabin
C:\Users\KUMANUJ\Documents\Work\GENAI\TruckModels\eActros\eActros_600_11.jpg,front view of actros running on highway under blue sky
C:\Users\KUMANUJ\Documents\Work\GENAI\TruckModels\eActros\eActros_600_12.jpg,an actros without body on highway under cloudy sky
C:\Users\KUMANUJ\Documents\Work\GENAI\TruckModels\eActros\eActros_600_13.jpg,drivers bed in actros interior
C:\Users\KUMANUJ\Documents\Work\GENAI\TruckModels\eActros\eActros_600_14.jpg,mid night blue actros with body during night
C:\Users\KUMANUJ\Documents\Work\GENAI\TruckModels\eActros\eActros_600_15.jpg,side view of white actros  on the side of road
C:\Users\KUMANUJ\Documents\Work\GENAI\TruckModels\eActros\eActros_600_16.jpg,white and black actros above grey highway 
C:\Users\KUMANUJ\Documents\Work\GENAI\TruckModels\eActros\eActros_600_17.jpg,stunning white actros parked under blue sky
C:\Users\KUMANUJ\Documents\Work\GENAI\TruckModels\eActros\eActros_600_18.jpg,studio image of mercedes bench truck possibly actros
C:\Users\KUMANUJ\Documents\Work\GENAI\TruckModels\eActros\eActros_600_19.jpg,"head of actros, without body, white color, side facing"
C:\Users\KUMANUJ\Documents\Work\GENAI\TruckModels\eActros\eActros_600_20.jpg,top view of actros running on three lane highway
C:\Users\KUMANUJ\Documents\Work\GENAI\TruckModels\eActros\eActros_600_21.jpg,head of actros under blue sky without body
C:\Users\KUMANUJ\Documents\Work\GENAI\TruckModels\eActros\eActros_600_22.jpg,mercedes benz custom tailored truck in black color
C:\Users\KUMANUJ\Documents\Work\GENAI\TruckModels\eActros\eActros_600_23.jpg,"interior of new actros 600, drivers cabin"
C:\Users\KUMANUJ\Documents\Work\GENAI\TruckModels\eActros\eActros_600_24.jpg,"white actros on highway, side facing"
C:\Users\KUMANUJ\Documents\Work\GENAI\TruckModels\eActros\eActros_600_25.jpg,"white actros on highway, side view, green trees"
C:\Users\KUMANUJ\Documents\Work\GENAI\TruckModels\eActros\eActros_600_26.jpg,"studio image of actros without body, only head, white color"
C:\Users\KUMANUJ\Documents\Work\GENAI\TruckModels\eActros\eActros_600_27.jpg,side view of white actros on highway under blue sky
C:\Users\KUMANUJ\Documents\Work\GENAI\TruckModels\eActros\eActros_600_28.jpg,artistic impression of white actros in blue and black background
C:\Users\KUMANUJ\Documents\Work\GENAI\TruckModels\eActros\eActros_600_29.jpg,a neo noir image of actros truck in white color 
C:\Users\KUMANUJ\Documents\Work\GENAI\TruckModels\eActros\eActros_600_30.jpg,a neo noir image of blue actros truck in black background
C:\Users\KUMANUJ\Documents\Work\GENAI\TruckModels\eActros\eActros_600_31.jpg,actros running under heavy snow
C:\Users\KUMANUJ\Documents\Work\GENAI\TruckModels\eActros\eActros_600_32.jpg,actros with big container running on highway
C:\Users\KUMANUJ\Documents\Work\GENAI\TruckModels\eActros\eActros_600_33.jpg,"white actros in white background, plain image"
C:\Users\KUMANUJ\Documents\Work\GENAI\TruckModels\eActros\eActros_600_34.jpg,"actros with container, actros with body, white, black and green background"
C:\Users\KUMANUJ\Documents\Work\GENAI\TruckModels\eActros\eActros_600_35.jpg,"top view of actros , white color, on highway"
C:\Users\KUMANUJ\Documents\Work\GENAI\TruckModels\eActros\eActros_600_36.jpg,"grey actros , mixed image, unclear"
C:\Users\KUMANUJ\Documents\Work\GENAI\TruckModels\eActros\eActros_600_37.jpg,blue actors facing end to end with ACTROS written on body
C:\Users\KUMANUJ\Documents\Work\GENAI\TruckModels\eActros\eActros_600_38.jpg,"white actros, side facing, on highway, blue clody sky"
C:\Users\KUMANUJ\Documents\Work\GENAI\TruckModels\eActros\eActros_600_39.jpg,actors white in color on highway under blue sky
C:\Users\KUMANUJ\Documents\Work\GENAI\TruckModels\eActros\eActros_600_40.jpg,white actros facing opposite the camera in black background
C:\Users\KUMANUJ\Documents\Work\GENAI\TruckModels\eActros\eActros_600_41.jpg,white full actros with body in pitch black background
C:\Users\KUMANUJ\Documents\Work\GENAI\TruckModels\eActros\eActros_600_42.jpg,two white actros parked in night in countryside
C:\Users\KUMANUJ\Documents\Work\GENAI\TruckModels\eActros\eActros_600_43.jpg,top view of a white actros parked in country side in morning sunrise
C:\Users\KUMANUJ\Documents\Work\GENAI\TruckModels\eActros\eActros_600_44.jpg,"two actros on both lanes of road , green trees on either side"
C:\Users\KUMANUJ\Documents\Work\GENAI\TruckModels\eActros\eActros_600_45.jpg,"white and black actros only front view, with a picture of person in one corner"
C:\Users\KUMANUJ\Documents\Work\GENAI\TruckModels\eActros\eActros_600_46.jpg,"sun beaming in side, actros crusing on highway, white color"
C:\Users\KUMANUJ\Documents\Work\GENAI\TruckModels\eActros\eActros_600_47.jpg,white actros on road side
C:\Users\KUMANUJ\Documents\Work\GENAI\TruckModels\eActros\eActros_600_48.jpg,"white actros , side facing, white background, with body"
C:\Users\KUMANUJ\Documents\Work\GENAI\TruckModels\eActros\eActros_600_49.jpg,"white actros launched , a person standing in front of it"
C:\Users\KUMANUJ\Documents\Work\GENAI\TruckModels\eActros\eActros_600_50.jpg,pen sketch of actors from multiple angles
C:\Users\KUMANUJ\Documents\Work\GENAI\TruckModels\eActros\eActros_600_51.jpg,"white actros, large body, side facing, blue sky on curve road"
C:\Users\KUMANUJ\Documents\Work\GENAI\TruckModels\eActros\eActros_600_52.jpg,"black actros in black background, only edges visible"
C:\Users\KUMANUJ\Documents\Work\GENAI\TruckModels\eActros\eActros_600_53.jpg,pencil sketch of actros side facing with long body and four wheels
C:\Users\KUMANUJ\Documents\Work\GENAI\TruckModels\eActros\eActros_600_54.jpg,side facing pencil sketch of actros with four wheels
C:\Users\KUMANUJ\Documents\Work\GENAI\TruckModels\eActros\eActros_600_55.jpg,pencil sketch of front view of actros with mercedes logo
C:\Users\KUMANUJ\Documents\Work\GENAI\TruckModels\eActros\eActros_600_56.jpg,two actors side by side
C:\Users\KUMANUJ\Documents\Work\GENAI\TruckModels\eActros\eActros_600_57.jpg,side facing sktech of actros
C:\Users\KUMANUJ\Documents\Work\GENAI\TruckModels\eActros\eActros_600_58.jpg,two house on wheels truck for actros
C:\Users\KUMANUJ\Documents\Work\GENAI\TruckModels\eActros\eActros_600_59.jpg,"side facing house on wheels truck actros, white color"
C:\Users\KUMANUJ\Documents\Work\GENAI\TruckModels\eActros\eActros_600_60.jpg,"side facing white color house on wheel truck, actors, parked on road"
C:\Users\KUMANUJ\Documents\Work\GENAI\TruckModels\eActros\eActros_600_61.jpg,"two side facing house trucks one after another, white, actros"
C:\Users\KUMANUJ\Documents\Work\GENAI\TruckModels\eActros\eActros_600_62.jpg,"two house on wheels truck side facing white color , parked side by side"
C:\Users\KUMANUJ\Documents\Work\GENAI\TruckModels\eActros\eActros_600_63.jpg,an actros white in color under blue sky parked on concrete surface
C:\Users\KUMANUJ\Documents\Work\GENAI\TruckModels\eActros\eActros_600_64.jpg,actros head on clear blue sky
C:\Users\KUMANUJ\Documents\Work\GENAI\TruckModels\eActros\eActros_600_65.jpg,white actros head in black and bluebackground 
C:\Users\KUMANUJ\Documents\Work\GENAI\TruckModels\eActros\eActros_600_66.jpg,white actros heead in black background
C:\Users\KUMANUJ\Documents\Work\GENAI\TruckModels\eActros\eActros_600_67.jpg,white actros on highway curve road
C:\Users\KUMANUJ\Documents\Work\GENAI\TruckModels\eActros\eActros_600_68.jpg,side facing actros image in studio
C:\Users\KUMANUJ\Documents\Work\GENAI\TruckModels\eActros\eActros_600_69.jpg,side facing actros full body image in studio
C:\Users\KUMANUJ\Documents\Work\GENAI\TruckModels\eActros\eActros_600_70.jpg,front facing actros in studio
C:\Users\KUMANUJ\Documents\Work\GENAI\TruckModels\eActros\eActros_600_71.jpg,actros running on highway
C:\Users\KUMANUJ\Documents\Work\GENAI\TruckModels\eActros\eActros_600_72.jpg,small cropped image of actros front
C:\Users\KUMANUJ\Documents\Work\GENAI\TruckModels\eActros\eActros_600_73.jpg,side facing actros image in studio with black and blue background
